{
    "MSE": 1272802.726986071,
    "RMSE": 1128.1855906658582,
    "R2": 0.77621379771896,
    "Best_Parameters": {
        "n_estimators": 50,
        "learning_rate": 0.01
    }
}