{
    "MSE": 1301659.3250896414,
    "RMSE": 1140.902855237746,
    "R2": 0.7711401846888876,
    "Best_Parameters": {
        "min_samples_split": 10,
        "min_samples_leaf": 2,
        "max_depth": 10
    }
}