{
    "MSE": 1286158.776926338,
    "RMSE": 1134.089404291539,
    "R2": 0.7738655157501699,
    "Best_Parameters": {
        "n_estimators": 100,
        "max_depth": 5,
        "learning_rate": 0.05
    }
}