{
    "MSE": 1740683.715330108,
    "RMSE": 1319.3497320006202,
    "R2": 0.6939502172904767,
    "Best_Parameters": {}
}